"","cid","id","t0","t1","s0","s1","z"
"1",1,1,0,1.91843012650497,0,0,1
"2",1,2,0,1.93913496960886,0,0,1
"3",1,3,0,2.63125860574655,0,0,1
"4",1,4,0,0.377928268862888,0,0,1
"5",1,5,0,2.19197403974946,0,2,1
"6",1,6,0,1.59830682442431,0,1,1
"6100",1,6,1.59830682442431,2.75309759820811,1,1,1
"7",1,7,0,1.38617295096628,0,0,1
"8",1,8,0,0.948469176655635,0,0,1
"9",1,9,0,0.587486810283735,0,0,1
"10",1,10,0,0.57284662993014,0,1,1
"1010",1,10,0.57284662993014,0.879750948864967,1,1,1
"11",1,11,0,1.57033567735925,0,0,1
"12",1,12,0,1.79152172687463,0,0,1
"13",1,13,0,0.134996996959671,0,0,1
"14",1,14,0,1.51763395126909,0,0,0
"15",1,15,0,0.881218494381756,0,0,0
"16",1,16,0,0.358024885306628,0,1,0
"1610",1,16,0.358024885306628,0.717446325240078,1,2,0
"17",1,17,0,1.41023117629811,0,0,0
"18",1,18,0,0.0982492993042155,0,2,0
"19",1,19,0,0.155147020463141,0,2,0
"20",1,20,0,2.53506660740823,0,0,0
"21",1,21,0,2.44489207364187,0,1,0
"2110",1,21,2.44489207364187,2.76729303784668,1,1,0
"22",1,22,0,0.973134542349726,0,0,0
"23",1,23,0,1.41587275974929,0,2,0
"24",1,24,0,1.26339594093451,0,2,0
"25",1,25,0,1.9493335938898,0,1,0
"2510",1,25,1.9493335938898,2.57703416165896,1,1,0
"26",2,26,0,0.183487598318607,0,0,1
"27",2,27,0,1.19101552350255,0,2,1
"28",2,28,0,0.308365055461909,0,1,1
"2810",2,28,0.308365055461909,1.22723183643425,1,2,1
"29",2,29,0,0.020408100734042,0,2,1
"30",2,30,0,0.0793219242609924,0,2,1
"31",2,31,0,0.76237687880912,0,1,1
"3110",2,31,0.76237687880912,0.973418957666679,1,2,1
"32",2,32,0,1.41472214204259,0,0,1
"33",2,33,0,0.634161469784209,0,2,1
"34",2,34,0,0.842992228728092,0,1,1
"3410",2,34,0.842992228728092,0.96475053206133,1,2,1
"35",2,35,0,0.728943012879561,0,2,1
"36",2,36,0,0.0165290980590243,0,1,1
"3610",2,36,0.0165290980590243,0.656521907579984,1,2,1
"37",2,37,0,0.802035427217299,0,2,1
"38",2,38,0,0.449189079226926,0,0,1
"39",2,39,0,1.35588746473823,0,1,1
"3910",2,39,1.35588746473823,1.7786579548854,1,2,1
"40",2,40,0,0.664545454534379,0,1,0
"4010",2,40,0.664545454534379,1.21421874792812,1,2,0
"41",2,41,0,0.349662590073422,0,0,0
"42",2,42,0,0.294085609311919,0,2,0
"43",2,43,0,0.816024063387886,0,0,0
"44",2,44,0,0.855521794034707,0,2,0
"45",2,45,0,0.43927088230635,0,1,0
"4510",2,45,0.43927088230635,0.587813161080703,1,1,0
"46",2,46,0,0.26288056087417,0,1,0
"4610",2,46,0.26288056087417,0.536419543889047,1,2,0
"47",2,47,0,0.332749573053265,0,1,0
"4710",2,47,0.332749573053265,0.4379625802394,1,1,0
"48",2,48,0,0.0788786198311393,0,2,0
"49",2,49,0,0.201768944450088,0,1,0
"4910",2,49,0.201768944450088,0.385937880026177,1,1,0
"50",2,50,0,0.511002683110742,0,1,0
"5010",2,50,0.511002683110742,0.888270054351489,1,2,0
"51",2,51,0,0.072843684037603,0,2,0
"52",2,52,0,0.502016949937883,0,2,0
"53",2,53,0,0.0181540588382632,0,0,0
"54",3,54,0,0.862190607245394,0,2,1
"55",3,55,0,0.539874487925207,0,2,1
"56",3,56,0,0.0211698558159888,0,1,1
"5610",3,56,0.0211698558159888,0.51120542927665,1,2,1
"57",3,57,0,0.518849526285684,0,1,1
"5710",3,57,0.518849526285684,0.993110755691305,1,1,1
"58",3,58,0,0.537556221020539,0,2,1
"59",3,59,0,0.286662379978225,0,0,1
"60",3,60,0,0.0140423788487376,0,1,1
"6010",3,60,0.0140423788487376,0.599979580747565,1,2,1
"61",3,61,0,0.416497228379929,0,1,1
"6110",3,61,0.416497228379929,0.885055480257146,1,2,1
"62",3,62,0,0.0113919056709505,0,1,1
"6210",3,62,0.0113919056709505,0.0547458634260944,1,2,1
"63",3,63,0,0.266278262363433,0,2,1
"64",3,64,0,0.583538540849081,0,2,1
"65",3,65,0,0.0111598661987723,0,2,1
"66",3,66,0,0.268577160843138,0,1,0
"6610",3,66,0.268577160843138,0.389814657793234,1,2,0
"67",3,67,0,0.322855794558523,0,2,0
"68",3,68,0,0.0103062327221468,0,2,0
"69",3,69,0,0.771170721960187,0,1,0
"6910",3,69,0.771170721960187,1.00688106380403,1,1,0
"70",3,70,0,0.71132552926539,0,2,0
"71",3,71,0,0.0640634942082528,0,2,0
"72",3,72,0,0.228776228722419,0,2,0
"73",3,73,0,0.5335512895786,0,2,0
"74",3,74,0,0.0575776461046189,0,0,0
"75",3,75,0,0.188300983193444,0,1,0
"7510",3,75,0.188300983193444,0.298383629777239,1,2,0
"76",3,76,0,0.269534230325221,0,2,0
"77",3,77,0,0.110933142906354,0,2,0
"78",3,78,0,0.0281840618139046,0,2,0
"79",4,79,0,0.173501151555229,0,1,1
"7910",4,79,0.173501151555229,0.423323983718585,1,2,1
"80",4,80,0,0.0677276284562979,0,2,1
"81",4,81,0,0.451011998021254,0,1,1
"8110",4,81,0.451011998021254,0.774586053332314,1,1,1
"82",4,82,0,1.93976778164506,0,0,1
"83",4,83,0,0.110981471849432,0,1,1
"8310",4,83,0.110981471849432,0.722103724318988,1,2,1
"84",4,84,0,0.837086648674863,0,1,1
"8410",4,84,0.837086648674863,1.84000813135549,1,2,1
"85",4,85,0,0.163630277953878,0,2,1
"86",4,86,0,0.515416446309355,0,1,1
"8610",4,86,0.515416446309355,0.789195417799899,1,2,1
"87",4,87,0,0.107718987848287,0,2,1
"88",4,88,0,0.984571817797653,0,1,1
"8810",4,88,0.984571817797653,1.24689608409026,1,2,1
"89",4,89,0,0.825435724622227,0,2,1
"90",4,90,0,1.28663667314686,0,0,1
"91",4,91,0,0.415255030567081,0,2,1
"92",4,92,0,0.270682948195933,0,2,1
"93",4,93,0,1.15691273636185,0,0,0
"94",4,94,0,0.221351195992412,0,2,0
"95",4,95,0,0.0344715950168335,0,2,0
"96",4,96,0,0.216583845438436,0,0,0
"97",4,97,0,0.24400137511318,0,2,0
"98",4,98,0,0.710781244377562,0,1,0
"9810",4,98,0.710781244377562,0.75997209479101,1,1,0
"99",4,99,0,0.303227077192906,0,1,0
"995",4,99,0.303227077192906,0.771351258968934,1,1,0
"100",4,100,0,0.298076049877845,0,1,0
"1001",4,100,0.298076049877845,0.493245281029634,1,2,0
"101",4,101,0,0.0286314492449082,0,1,0
"1011",4,101,0.0286314492449082,0.382601941935718,1,1,0
"102",4,102,0,0.45880666459562,0,2,0
"103",4,103,0,0.825065840268508,0,0,0
"104",4,104,0,0.36160059277284,0,2,0
"105",4,105,0,0.165444288302022,0,2,0
"106",4,106,0,0.966520505708249,0,2,0
"107",5,107,0,1.52547294879332,0,0,1
"108",5,108,0,0.848315853858367,0,0,1
"109",5,109,0,0.203487388926323,0,1,1
"1091",5,109,0.203487388926323,1.68320163841169,1,2,1
"110",5,110,0,1.40593334647532,0,1,1
"1101",5,110,1.40593334647532,1.66881752572954,1,1,1
"111",5,111,0,0.81038922296542,0,1,1
"1111",5,111,0.81038922296542,0.977153368061408,1,1,1
"112",5,112,0,0.104743896983564,0,0,1
"113",5,113,0,0.192306172801182,0,0,1
"114",5,114,0,1.44719518941365,0,1,1
"1141",5,114,1.44719518941365,1.97704600682482,1,1,1
"115",5,115,0,1.97564238100313,0,0,1
"116",5,116,0,0.594667034626541,0,2,1
"117",5,117,0,0.110676388527564,0,1,0
"1171",5,117,0.110676388527564,1.02578609716147,1,1,0
"118",5,118,0,0.0970515549989719,0,2,0
"119",5,119,0,2.31049746880308,0,0,0
"120",5,120,0,0.653319838223979,0,0,0
"121",5,121,0,0.00394938173440608,0,2,0
"122",5,122,0,0.0497399537298976,0,1,0
"1221",5,122,0.0497399537298976,1.06167640715073,1,2,0
"123",5,123,0,2.23077260436561,0,1,0
"1231",5,123,2.23077260436561,2.29043216980062,1,1,0
"124",5,124,0,0.0200090771044796,0,2,0
"125",5,125,0,1.15192121098587,0,2,0
"126",6,126,0,0.00957212029477659,0,1,1
"1261",6,126,0.00957212029477659,0.060840125894174,1,1,1
"127",6,127,0,0.669873950304464,0,0,1
"128",6,128,0,0.166503002340679,0,1,1
"1281",6,128,0.166503002340679,0.59373707309609,1,2,1
"129",6,129,0,0.314335462041626,0,1,1
"1291",6,129,0.314335462041626,1.15898886183277,1,1,1
"130",6,130,0,1.55210786515929,0,1,1
"1301",6,130,1.55210786515929,2.39500832254998,1,1,1
"131",6,131,0,1.02151378041533,0,1,1
"1311",6,131,1.02151378041533,1.88236572453752,1,1,1
"132",6,132,0,0.425217320591745,0,2,0
"133",6,133,0,0.00990180217188123,0,1,0
"1331",6,133,0.00990180217188123,0.366963055690432,1,2,0
"134",6,134,0,0.846961588430318,0,1,0
"1341",6,134,0.846961588430318,1.89257836360117,1,2,0
"135",6,135,0,0.52792823351375,0,1,0
"1351",6,135,0.52792823351375,1.30533057687767,1,2,0
"136",6,136,0,0.0758713842232932,0,2,0
"137",6,137,0,0.969737829898306,0,1,0
"1371",6,137,0.969737829898306,1.02958890516311,1,1,0
"138",6,138,0,0.238393000792712,0,0,0
"139",7,139,0,0.161059114079546,0,1,1
"1391",7,139,0.161059114079546,1.09911769282076,1,2,1
"140",7,140,0,0.0528691863680122,0,2,1
"141",7,141,0,0.158089683530608,0,1,1
"1411",7,141,0.158089683530608,0.245395877440722,1,2,1
"142",7,142,0,0.154508998387257,0,1,1
"1421",7,142,0.154508998387257,0.162704641465098,1,1,1
"143",7,143,0,0.746193124304789,0,1,1
"1431",7,143,0.746193124304789,1.05724314922334,1,2,1
"144",7,144,0,0.154723710303902,0,1,1
"1441",7,144,0.154723710303902,1.50541992927901,1,1,1
"145",7,145,0,0.332436161127083,0,2,1
"146",7,146,0,0.105752380094912,0,2,1
"147",7,147,0,0.35090973504356,0,1,0
"1471",7,147,0.35090973504356,2.28341614734381,1,1,0
"148",7,148,0,0.0185594752124218,0,1,0
"1481",7,148,0.0185594752124218,0.455894518713678,1,2,0
"149",7,149,0,0.167161338720753,0,1,0
"1491",7,149,0.167161338720753,0.965833702823147,1,1,0
"150",7,150,0,0.254437861265615,0,0,0
"151",7,151,0,0.572929313735089,0,1,0
"1511",7,151,0.572929313735089,0.725681638810784,1,1,0
"152",7,152,0,0.0776558015495539,0,0,0
"153",7,153,0,0.442350303363207,0,1,0
"1531",7,153,0.442350303363207,0.810692020768648,1,2,0
"154",7,154,0,0.60181542611388,0,2,0
"155",8,155,0,0.386805069962029,0,1,1
"1551",8,155,0.386805069962029,0.412111246475448,1,2,1
"156",8,156,0,0.194485561291771,0,1,1
"1561",8,156,0.194485561291771,0.241649669303799,1,2,1
"157",8,157,0,0.031303039970198,0,2,1
"158",8,158,0,0.0287297412633991,0,1,1
"1581",8,158,0.0287297412633991,0.128793734613802,1,2,1
"159",8,159,0,0.64880582491045,0,1,1
"1591",8,159,0.64880582491045,2.48518664273433,1,1,1
"160",8,160,0,0.0839269648623974,0,1,1
"1601",8,160,0.0839269648623974,0.247094794677741,1,2,1
"161",8,161,0,0.00138537788685145,0,2,1
"162",8,162,0,0.0207849992531569,0,2,1
"163",8,163,0,0.0201672824103179,0,1,1
"1631",8,163,0.0201672824103179,0.0247867894358933,1,1,1
"164",8,164,0,0.155209615604389,0,1,1
"1641",8,164,0.155209615604389,1.28888395777903,1,1,1
"165",8,165,0,0.633498640453549,0,2,0
"166",8,166,0,0.759632723380892,0,2,0
"167",8,167,0,0.271762615132369,0,2,0
"168",8,168,0,0.306226285704027,0,2,0
"169",8,169,0,0.0965371252968907,0,0,0
"170",8,170,0,0.145267188468877,0,1,0
"1701",8,170,0.145267188468877,0.261749394029797,1,2,0
"171",8,171,0,0.305472319497961,0,1,0
"1711",8,171,0.305472319497961,0.329715280450625,1,2,0
"172",8,172,0,0.0873926193489305,0,1,0
"1721",8,172,0.0873926193489305,0.147029593505644,1,2,0
"173",8,173,0,0.0117687410822388,0,1,0
"1731",8,173,0.0117687410822388,0.0264282787481524,1,2,0
"174",8,174,0,0.318518136295596,0,1,0
"1741",8,174,0.318518136295596,0.821665153373033,1,1,0
"175",9,175,0,0.0327154454606218,0,1,1
"1751",9,175,0.0327154454606218,0.973514357605942,1,2,1
"176",9,176,0,0.605081302619444,0,1,1
"1761",9,176,0.605081302619444,2.38011149991847,1,2,1
"177",9,177,0,0.0455556802454183,0,2,1
"178",9,178,0,0.852596623613922,0,1,1
"1781",9,178,0.852596623613922,1.5244386959821,1,1,1
"179",9,179,0,0.786188063578334,0,1,1
"1791",9,179,0.786188063578334,1.37451543146744,1,1,1
"180",9,180,0,2.02004930237308,0,0,1
"181",9,181,0,0.552795189334265,0,2,1
"182",9,182,0,1.68696358322686,0,1,1
"1821",9,182,1.68696358322686,2.02128709852695,1,1,1
"183",9,183,0,0.812065206484087,0,1,1
"1831",9,183,0.812065206484087,1.75767919770442,1,1,1
"184",9,184,0,0.361902403878048,0,0,1
"185",9,185,0,0.22065534023568,0,0,1
"186",9,186,0,1.07583204377443,0,0,1
"187",9,187,0,0.540595628321171,0,0,0
"188",9,188,0,1.85223591187969,0,0,0
"189",9,189,0,0.502287933934625,0,1,0
"1891",9,189,0.502287933934625,1.61158192972653,1,1,0
"190",9,190,0,0.640509066637605,0,0,0
"191",9,191,0,1.01174255856313,0,0,0
"192",9,192,0,1.04989913722022,0,2,0
"193",9,193,0,0.415960908940777,0,1,0
"1931",9,193,0.415960908940777,2.15849658474326,1,1,0
"194",9,194,0,0.81654465931359,0,2,0
"195",9,195,0,1.05857619317248,0,0,0
"196",9,196,0,0.301293190318994,0,1,0
"1961",9,196,0.301293190318994,1.76676825574342,1,2,0
"197",9,197,0,1.69211229803484,0,1,0
"1971",9,197,1.69211229803484,1.73859472735785,1,1,0
"198",9,198,0,0.572860676329583,0,0,0
"199",9,199,0,1.30590211157687,0,0,0
"200",10,200,0,0.0260098965730975,0,1,1
"2001",10,200,0.0260098965730975,1.10309811515917,1,2,1
"201",10,201,0,0.716039339778945,0,0,1
"202",10,202,0,0.943322206004407,0,2,1
"203",10,203,0,0.118613295257092,0,0,1
"204",10,204,0,2.38384926295839,0,0,1
"205",10,205,0,0.75790402076702,0,2,1
"206",10,206,0,2.02817922178656,0,0,1
"207",10,207,0,1.16113071228428,0,1,1
"2071",10,207,1.16113071228428,1.46847765226837,1,2,1
"208",10,208,0,0.676526674888171,0,2,1
"209",10,209,0,1.60721081192605,0,0,1
"210",10,210,0,0.43992945427347,0,2,1
"211",10,211,0,0.0714404038153589,0,0,1
"212",10,212,0,1.28773947735317,0,0,1
"213",10,213,0,0.187624877683043,0,1,1
"2131",10,213,0.187624877683043,0.352285081927834,1,2,1
"214",10,214,0,1.06907443738688,0,1,1
"2141",10,214,1.06907443738688,1.65681333003496,1,2,1
"215",10,215,0,1.83371818202934,0,2,0
"216",10,216,0,0.187433842214654,0,1,0
"2161",10,216,0.187433842214654,0.680898537518392,1,2,0
"217",10,217,0,0.753167497854252,0,1,0
"2171",10,217,0.753167497854252,1.0286678294083,1,2,0
"218",10,218,0,1.00362465671952,0,2,0
"219",10,219,0,1.11623564034331,0,2,0
"220",10,220,0,0.42991261513038,0,1,0
"2201",10,220,0.42991261513038,0.87853059056215,1,1,0
"221",10,221,0,1.42703408352099,0,0,0
"222",10,222,0,1.62736463290639,0,0,0
"223",10,223,0,0.395660176647641,0,2,0
"224",10,224,0,1.06141593516804,0,0,0
"225",10,225,0,0.127907490357757,0,0,0
"226",10,226,0,0.194527004636806,0,1,0
"2261",10,226,0.194527004636806,0.864453081988262,1,2,0
"227",10,227,0,0.311358738204086,0,2,0
"228",10,228,0,0.0109807886051005,0,2,0
"229",10,229,0,1.98704251251183,0,0,0
"230",11,230,0,0.791612545838564,0,1,1
"2301",11,230,0.791612545838564,1.20334084388613,1,2,1
"231",11,231,0,0.278043375792851,0,1,1
"2311",11,231,0.278043375792851,0.512858565431088,1,1,1
"232",11,232,0,1.24557794840075,0,0,1
"233",11,233,0,0.0309369377883906,0,2,1
"234",11,234,0,1.63790402607992,0,0,1
"235",11,235,0,1.05315565407126,0,1,0
"2351",11,235,1.05315565407126,1.49661394088743,1,2,0
"236",11,236,0,0.00248114035968599,0,2,0
"237",11,237,0,0.227546297041911,0,1,0
"2371",11,237,0.227546297041911,1.05018793892461,1,2,0
"238",11,238,0,0.112750516505912,0,0,0
"239",11,239,0,0.395513817553371,0,1,0
"2391",11,239,0.395513817553371,1.40546203327553,1,2,0
"240",12,240,0,0.126381119357649,0,1,1
"2401",12,240,0.126381119357649,0.280195070430636,1,1,1
"241",12,241,0,0.0867663888548725,0,2,1
"242",12,242,0,0.101110815558045,0,2,1
"243",12,243,0,0.0115630276010382,0,2,1
"244",12,244,0,0.756391245871782,0,0,1
"245",12,245,0,0.413293418241665,0,0,1
"246",12,246,0,0.134251218488351,0,2,0
"247",12,247,0,0.789296897398062,0,1,0
"2471",12,247,0.789296897398062,0.9600895405747,1,1,0
"248",12,248,0,0.0326587648001526,0,1,0
"2481",12,248,0.0326587648001526,1.81477338052415,1,2,0
"249",12,249,0,0.974094511047749,0,1,0
"2491",12,249,0.974094511047749,2.24126973303102,1,2,0
"250",12,250,0,0.0201928253185653,0,1,0
"2501",12,250,0.0201928253185653,0.682863880554467,1,2,0
"251",12,251,0,0.339778657591268,0,1,0
"2511",12,251,0.339778657591268,0.3590760648766,1,2,0
"252",12,252,0,1.29918975187182,0,1,0
"2521",12,252,1.29918975187182,1.33786374726333,1,1,0
"253",13,253,0,0.573334285526716,0,2,1
"254",13,254,0,0.658909566145762,0,1,1
"2541",13,254,0.658909566145762,1.10053915028411,1,2,1
"255",13,255,0,0.206350559321161,0,1,1
"2551",13,255,0.206350559321161,0.737828472163528,1,1,1
"256",13,256,0,0.662743222166746,0,1,1
"2561",13,256,0.662743222166746,0.797187216114253,1,1,1
"257",13,257,0,0.102123658871278,0,0,1
"258",13,258,0,0.272439244106396,0,2,1
"259",13,259,0,0.124797003450555,0,2,1
"260",13,260,0,0.98308217455633,0,0,1
"261",13,261,0,0.223190549327291,0,1,1
"2611",13,261,0.223190549327291,0.985493049542945,1,2,1
"262",13,262,0,0.104845883296667,0,1,1
"2621",13,262,0.104845883296667,0.81988785636822,1,2,1
"263",13,263,0,0.0908818394142575,0,2,1
"264",13,264,0,0.2685026305262,0,0,1
"265",13,265,0,0.940715748583898,0,0,1
"266",13,266,0,0.467341044684872,0,0,0
"267",13,267,0,0.438148494344205,0,0,0
"268",13,268,0,0.394121726527385,0,2,0
"269",13,269,0,0.219093016505676,0,1,0
"2691",13,269,0.219093016505676,0.590688803466037,1,1,0
"270",13,270,0,0.464296995823466,0,2,0
"271",13,271,0,0.809072534786537,0,0,0
"272",13,272,0,0.191776591412036,0,1,0
"2721",13,272,0.191776591412036,0.696495941993994,1,2,0
"273",13,273,0,0.222224828639156,0,2,0
"274",13,274,0,0.0200954658378192,0,2,0
"275",13,275,0,0.383584538111409,0,2,0
"276",13,276,0,0.0619524498470128,0,0,0
"277",13,277,0,1.64795158592558,0,2,0
"278",14,278,0,2.2458488016855,0,0,1
"279",14,279,0,0.680601053405553,0,0,1
"280",14,280,0,1.37369382217602,0,1,1
"2801",14,280,1.37369382217602,1.46302673779428,1,1,1
"281",14,281,0,0.790369228788322,0,1,1
"2811",14,281,0.790369228788322,1.282349080313,1,1,1
"282",14,282,0,0.514245780519696,0,2,1
"283",14,283,0,0.193950794404373,0,0,0
"284",14,284,0,2.23903338820674,0,0,0
"285",14,285,0,1.57638922111086,0,1,0
"2851",14,285,1.57638922111086,2.43774112639949,1,1,0
"286",14,286,0,0.305988010251895,0,0,0
"287",14,287,0,0.0994888704735786,0,0,0
"288",15,288,0,1.94016111193036,0,2,1
"289",15,289,0,0.130687803539018,0,2,1
"290",15,290,0,0.0364425200968981,0,0,1
"291",15,291,0,0.150464637670666,0,0,1
"292",15,292,0,0.399996673357758,0,1,1
"2921",15,292,0.399996673357758,0.419964390574023,1,1,1
"293",15,293,0,0.0442772787891535,0,1,1
"2931",15,293,0.0442772787891535,0.291594008915126,1,1,1
"294",15,294,0,0.414076836314052,0,0,1
"295",15,295,0,0.491462473596229,0,1,1
"2951",15,295,0.491462473596229,1.63339669690149,1,2,1
"296",15,296,0,0.783490129766733,0,1,1
"2961",15,296,0.783490129766733,1.60571410926059,1,1,1
"297",15,297,0,0.256066889734939,0,0,0
"298",15,298,0,0.923043545989878,0,1,0
"2981",15,298,0.923043545989878,1.30932091949328,1,2,0
"299",15,299,0,0.578506616286299,0,1,0
"2991",15,299,0.578506616286299,1.86987456330098,1,1,0
"300",15,300,0,0.403262520907447,0,0,0
"301",15,301,0,0.0505974411042425,0,2,0
"302",15,302,0,0.605214900802821,0,0,0
"303",15,303,0,0.748925962606639,0,1,0
"3031",15,303,0.748925962606639,1.08404927956872,1,1,0
"304",15,304,0,0.859893071856704,0,2,0
"305",15,305,0,0.182945775552406,0,2,0
"306",16,306,0,0.0958103567875136,0,1,1
"3061",16,306,0.0958103567875136,0.710582737578079,1,1,1
"307",16,307,0,0.0280895925080545,0,1,1
"3071",16,307,0.0280895925080545,1.60182928293943,1,1,1
"308",16,308,0,0.512235396688381,0,1,1
"3081",16,308,0.512235396688381,1.02799722878628,1,2,1
"309",16,309,0,0.672247621280169,0,1,1
"3091",16,309,0.672247621280169,0.841159976335693,1,2,1
"310",16,310,0,2.59063952788711,0,0,1
"311",16,311,0,2.32399034081027,0,0,1
"312",16,312,0,0.0279615853335133,0,1,1
"3121",16,312,0.0279615853335133,2.80025686416775,1,1,1
"313",16,313,0,1.69407892576419,0,0,1
"314",16,314,0,2.51254230947234,0,0,1
"315",16,315,0,1.72085472944314,0,1,0
"3151",16,315,1.72085472944314,2.5951306479983,1,1,0
"316",16,316,0,1.60376444924623,0,0,0
"317",16,317,0,0.617939757152437,0,2,0
"318",16,318,0,0.0779692379292101,0,0,0
"319",16,319,0,0.0628993751945746,0,1,0
"3191",16,319,0.0628993751945746,0.137071404036206,1,2,0
"320",16,320,0,0.274134036194921,0,2,0
"321",16,321,0,0.240645742742345,0,0,0
"322",16,322,0,1.21307374050008,0,1,0
"3221",16,322,1.21307374050008,2.83723931643181,1,1,0
"323",16,323,0,1.2989257494919,0,0,0
"324",16,324,0,0.364158124483017,0,1,0
"3241",16,324,0.364158124483017,1.51560347294435,1,1,0
"325",17,325,0,0.0358570029944378,0,1,1
"3251",17,325,0.0358570029944378,0.73224519319645,1,2,1
"326",17,326,0,0.975618776701391,0,1,1
"3261",17,326,0.975618776701391,1.76572195107638,1,2,1
"327",17,327,0,0.00389464953232342,0,1,1
"3271",17,327,0.00389464953232342,0.537233774336937,1,2,1
"328",17,328,0,0.305054748531141,0,1,1
"3281",17,328,0.305054748531141,0.586098280521037,1,2,1
"329",17,329,0,0.000964343369912488,0,2,1
"330",17,330,0,0.470668354041828,0,2,1
"331",17,331,0,0.446561977034435,0,0,1
"332",17,332,0,0.196442065269024,0,1,1
"3321",17,332,0.196442065269024,1.19285831464495,1,2,1
"333",17,333,0,1.21813558907143,0,2,1
"334",17,334,0,0.441258238223509,0,1,0
"3341",17,334,0.441258238223509,0.598279739264399,1,1,0
"335",17,335,0,0.123293706681579,0,0,0
"336",17,336,0,0.452188159884658,0,1,0
"3361",17,336,0.452188159884658,0.534793160801148,1,2,0
"337",17,337,0,0.245457994937353,0,1,0
"3371",17,337,0.245457994937353,0.298450358910486,1,1,0
"338",17,338,0,0.435215826530286,0,1,0
"3381",17,338,0.435215826530286,0.963777252472937,1,1,0
"339",17,339,0,0.0219262854007672,0,1,0
"3391",17,339,0.0219262854007672,0.207033339682201,1,2,0
"340",17,340,0,0.237223180489402,0,1,0
"3401",17,340,0.237223180489402,0.39428821625188,1,1,0
"341",17,341,0,0.510481466355166,0,2,0
"342",17,342,0,0.403582121478394,0,0,0
"343",18,343,0,0.324121920173812,0,2,1
"344",18,344,0,0.0698360757138039,0,1,1
"3441",18,344,0.0698360757138039,0.521555826509172,1,2,1
"345",18,345,0,0.34060954162851,0,0,1
"346",18,346,0,0.0577531314610378,0,2,1
"347",18,347,0,0.623510899553801,0,2,1
"348",18,348,0,0.532054955440592,0,1,1
"3481",18,348,0.532054955440592,1.73154840921052,1,1,1
"349",18,349,0,0.339807774046504,0,2,1
"350",18,350,0,2.10422583905528,0,2,1
"351",18,351,0,0.230636825294926,0,1,1
"3511",18,351,0.230636825294926,1.24404715502496,1,2,1
"352",18,352,0,0.304779068101197,0,0,0
"353",18,353,0,0.113446085265663,0,2,0
"354",18,354,0,1.67445525294335,0,1,0
"3541",18,354,1.67445525294335,1.99566125264391,1,1,0
"355",18,355,0,1.23887745919637,0,0,0
"356",18,356,0,1.33844138053246,0,0,0
"357",18,357,0,0.0670015910580155,0,1,0
"3571",18,357,0.0670015910580155,2.50976597866975,1,1,0
"358",18,358,0,0.546929739316204,0,1,0
"3581",18,358,0.546929739316204,0.680983462370932,1,1,0
"359",18,359,0,0.133279742534727,0,2,0
"360",18,360,0,0.565261986572295,0,0,0
"361",19,361,0,0.138226625457369,0,1,1
"3611",19,361,0.138226625457369,0.975614998256788,1,1,1
"362",19,362,0,0.254190000454614,0,1,1
"3621",19,362,0.254190000454614,0.352719262856027,1,2,1
"363",19,363,0,0.414604334390653,0,2,1
"364",19,364,0,0.0307553902745271,0,1,1
"3641",19,364,0.0307553902745271,0.161150090610002,1,2,1
"365",19,365,0,0.788019960047677,0,0,1
"366",19,366,0,0.199204378382165,0,2,1
"367",19,367,0,0.771901248808199,0,2,1
"368",19,368,0,0.540067610986122,0,1,0
"3681",19,368,0.540067610986122,1.57379990955815,1,1,0
"369",19,369,0,0.372279174519475,0,1,0
"3691",19,369,0.372279174519475,0.483806618081303,1,2,0
"370",19,370,0,0.279420816134182,0,1,0
"3701",19,370,0.279420816134182,0.286805853415724,1,2,0
"371",19,371,0,0.702989209559939,0,2,0
"372",19,372,0,0.528082432859082,0,1,0
"3721",19,372,0.528082432859082,0.793092817039338,1,2,0
"373",19,373,0,0.329577044583857,0,0,0
"374",20,374,0,0.309158545659296,0,1,1
"3741",20,374,0.309158545659296,1.313314874168,1,2,1
"375",20,375,0,0.00288355406721566,0,2,1
"376",20,376,0,0.499767735600471,0,0,1
"377",20,377,0,1.52168027284405,0,1,1
"3771",20,377,1.52168027284405,2.06166210096323,1,2,1
"378",20,378,0,0.014174310826172,0,2,1
"379",20,379,0,0.424244745805388,0,1,1
"3791",20,379,0.424244745805388,0.553091359790415,1,1,1
"380",20,380,0,0.26880758717807,0,2,1
"381",20,381,0,0.860438049989563,0,1,1
"3811",20,381,0.860438049989563,1.70605355575969,1,2,1
"382",20,382,0,0.201983782746204,0,1,1
"3821",20,382,0.201983782746204,0.245235394255018,1,2,1
"383",20,383,0,1.02059572512316,0,2,1
"384",20,384,0,0.248270794696902,0,2,1
"385",20,385,0,0.0731702102971067,0,2,1
"386",20,386,0,0.249831871845133,0,1,1
"3861",20,386,0.249831871845133,0.258755895213857,1,2,1
"387",20,387,0,0.25492350982561,0,1,1
"3871",20,387,0.25492350982561,0.527418317547178,1,2,1
"388",20,388,0,0.832057075342163,0,0,1
"389",20,389,0,0.2290028022904,0,1,0
"3891",20,389,0.2290028022904,0.405611988622695,1,1,0
"390",20,390,0,0.287985826182214,0,2,0
"391",20,391,0,0.342364697674591,0,2,0
"392",20,392,0,0.0911523681620362,0,1,0
"3921",20,392,0.0911523681620362,0.273080228129402,1,1,0
"393",20,393,0,0.333687956059935,0,1,0
"3931",20,393,0.333687956059935,1.07922602934254,1,2,0
"394",20,394,0,0.188912227554985,0,2,0
"395",20,395,0,0.525707628258602,0,1,0
"3951",20,395,0.525707628258602,0.609457714715973,1,1,0
"396",20,396,0,0.450642695417628,0,0,0
"397",20,397,0,0.145417913760404,0,2,0
"398",20,398,0,0.749406317094115,0,2,0
"399",20,399,0,0.269919954413464,0,1,0
"3991",20,399,0.269919954413464,0.436421189529962,1,2,0
"400",20,400,0,0.630646233551702,0,1,0
"4001",20,400,0.630646233551702,0.640568875009194,1,1,0
"401",20,401,0,2.6682314244099,0,0,0
"402",20,402,0,0.29237745700732,0,1,0
"4021",20,402,0.29237745700732,2.26361055672169,1,1,0
"403",21,403,0,1.92231446524534,0,1,1
"4031",21,403,1.92231446524534,2.49902839469723,1,1,1
"404",21,404,0,0.645988943288103,0,0,1
"405",21,405,0,0.157425505593282,0,1,1
"4051",21,405,0.157425505593282,0.996369905071333,1,1,1
"406",21,406,0,2.90091428300366,0,0,1
"407",21,407,0,1.7234096431093,0,1,1
"4071",21,407,1.7234096431093,2.47808008664288,1,1,1
"408",21,408,0,0.0155918172094971,0,0,1
"409",21,409,0,2.45051114936359,0,0,1
"410",21,410,0,0.565302214904093,0,1,1
"4101",21,410,0.565302214904093,1.17862333670723,1,2,1
"411",21,411,0,0.929775091666905,0,1,1
"4111",21,411,0.929775091666905,1.78950302652083,1,1,1
"412",21,412,0,0.178329055896029,0,0,1
"413",21,413,0,0.113312288337666,0,1,0
"4131",21,413,0.113312288337666,0.355662707705051,1,1,0
"414",21,414,0,1.20349764883225,0,1,0
"4141",21,414,1.20349764883225,1.9964614586968,1,2,0
"415",21,415,0,0.543727712938562,0,0,0
"416",21,416,0,0.698429107898846,0,0,0
"417",21,417,0,0.168462406145409,0,0,0
"418",21,418,0,0.662890768842772,0,0,0
"419",21,419,0,0.314156669024975,0,1,0
"4191",21,419,0.314156669024975,2.46936542610638,1,1,0
"420",21,420,0,0.705141977268058,0,2,0
"421",21,421,0,0.661349926234481,0,1,0
"4211",21,421,0.661349926234481,0.66909259996649,1,2,0
"422",22,422,0,1.95717366482131,0,0,1
"423",22,423,0,1.00198296617416,0,2,1
"424",22,424,0,0.156957191264691,0,1,1
"4241",22,424,0.156957191264691,1.25536564396906,1,2,1
"425",22,425,0,1.37800053181127,0,0,1
"426",22,426,0,0.222906313147356,0,1,1
"4261",22,426,0.222906313147356,0.295624351361766,1,1,1
"427",22,427,0,0.369964585116322,0,2,1
"428",22,428,0,1.30815613298623,0,2,1
"429",22,429,0,0.187610701890662,0,0,1
"430",22,430,0,0.711575974943116,0,0,0
"431",22,431,0,1.19096132916834,0,1,0
"4311",22,431,1.19096132916834,1.3017084596213,1,1,0
"432",22,432,0,0.822333554632604,0,1,0
"4321",22,432,0.822333554632604,1.02764127147384,1,1,0
"433",22,433,0,0.585764100106784,0,1,0
"4331",22,433,0.585764100106784,1.07060830451761,1,2,0
"434",22,434,0,1.48501468403265,0,0,0
"435",22,435,0,0.0324455436567514,0,2,0
"436",22,436,0,1.50237014674676,0,1,0
"4361",22,436,1.50237014674676,2.05086653267302,1,2,0
"437",22,437,0,0.776165404357016,0,0,0
"438",23,438,0,2.43355938937566,0,2,1
"439",23,439,0,0.271911397237033,0,2,1
"440",23,440,0,0.0355578410530474,0,1,1
"4401",23,440,0.0355578410530474,0.872607131721452,1,1,1
"441",23,441,0,0.0127819471720506,0,2,1
"442",23,442,0,0.966531441081315,0,0,1
"443",23,443,0,1.07889601264882,0,1,1
"4431",23,443,1.07889601264882,2.45723172230646,1,1,1
"444",23,444,0,0.54134258328888,0,1,1
"4441",23,444,0.54134258328888,1.66330169533338,1,2,1
"445",23,445,0,1.04591925543564,0,1,1
"4451",23,445,1.04591925543564,1.42464095048801,1,2,1
"446",23,446,0,0.345083037391305,0,0,1
"447",23,447,0,0.192739414490963,0,1,1
"4471",23,447,0.192739414490963,0.216558510437608,1,1,1
"448",23,448,0,0.727860755095211,0,2,1
"449",23,449,0,1.48196315718815,0,0,1
"450",23,450,0,0.422834503697231,0,0,1
"451",23,451,0,0.0536226332187653,0,0,1
"452",23,452,0,0.0835863241337374,0,1,1
"4521",23,452,0.0835863241337374,0.221695609403989,1,2,1
"453",23,453,0,0.0675778515854526,0,1,0
"4531",23,453,0.0675778515854526,0.180485222847822,1,2,0
"454",23,454,0,0.880169700412915,0,2,0
"455",23,455,0,0.648376271774987,0,2,0
"456",23,456,0,0.791173439258574,0,2,0
"457",23,457,0,0.116571105373999,0,2,0
"458",23,458,0,1.01384548493148,0,2,0
"459",23,459,0,0.100733359108127,0,1,0
"4591",23,459,0.100733359108127,0.315773416425743,1,2,0
"460",23,460,0,0.718132082167729,0,1,0
"4601",23,460,0.718132082167729,1.24297433998436,1,1,0
"461",23,461,0,0.0990695941637271,0,1,0
"4611",23,461,0.0990695941637271,0.784023430781336,1,2,0
"462",23,462,0,0.690761760132142,0,1,0
"4621",23,462,0.690761760132142,0.898957647616044,1,1,0
"463",23,463,0,0.738689064047096,0,2,0
"464",23,464,0,0.114912424582815,0,2,0
"465",23,465,0,0.246581538356757,0,1,0
"4651",23,465,0.246581538356757,0.89687957112638,1,2,0
"466",23,466,0,0.0886157363577503,0,2,0
"467",23,467,0,1.46760987989672,0,2,0
"468",24,468,0,1.06567317107793,0,1,1
"4681",24,468,1.06567317107793,1.62188256259867,1,2,1
"469",24,469,0,0.954156407881589,0,2,1
"470",24,470,0,0.321701846442236,0,1,1
"4701",24,470,0.321701846442236,0.550196770708392,1,2,1
"471",24,471,0,0.195438324473798,0,0,1
"472",24,472,0,0.283932894792384,0,1,1
"4721",24,472,0.283932894792384,0.346986864438945,1,2,1
"473",24,473,0,0.51519604483158,0,2,1
"474",24,474,0,0.421238247770816,0,0,1
"475",24,475,0,1.22768452181716,0,1,1
"4751",24,475,1.22768452181716,1.31762490923968,1,2,1
"476",24,476,0,2.10245955950383,0,2,1
"477",24,477,0,0.663976589249213,0,1,1
"4771",24,477,0.663976589249213,0.672382443758085,1,2,1
"478",24,478,0,0.659305476516121,0,2,1
"479",24,479,0,0.0179881565272808,0,0,1
"480",24,480,0,0.0584486138541251,0,0,0
"481",24,481,0,0.451428712730593,0,1,0
"4811",24,481,0.451428712730593,0.492525852557758,1,2,0
"482",24,482,0,0.0469675847632688,0,2,0
"483",24,483,0,0.133752798124322,0,2,0
"484",24,484,0,0.196783198650456,0,1,0
"4841",24,484,0.196783198650456,0.244401314481849,1,2,0
"485",24,485,0,0.00498469903522962,0,2,0
"486",24,486,0,0.267778725983013,0,2,0
"487",24,487,0,0.13402517993137,0,2,0
"488",24,488,0,0.487431567937885,0,2,0
"489",24,489,0,0.339963958365843,0,0,0
"490",24,490,0,0.454125221120194,0,0,0
"491",24,491,0,0.871844817077708,0,1,0
"4911",24,491,0.871844817077708,0.922707519766853,1,2,0
"492",25,492,0,0.928839662704736,0,1,1
"4921",25,492,0.928839662704736,1.26509897410111,1,2,1
"493",25,493,0,0.991901717481551,0,1,1
"4931",25,493,0.991901717481551,2.21972198551521,1,1,1
"494",25,494,0,0.202506238809806,0,2,1
"495",25,495,0,0.664190027397126,0,0,1
"496",25,496,0,2.51109463954344,0,0,1
"497",25,497,0,0.428361354209381,0,2,1
"498",25,498,0,1.28539699272506,0,2,1
"499",25,499,0,0.0391937550636649,0,1,1
"4991",25,499,0.0391937550636649,0.980260087642819,1,1,1
"500",25,500,0,0.55614420468919,0,0,1
"501",25,501,0,1.79506529378705,0,0,1
"502",25,502,0,1.76083571160296,0,1,1
"5021",25,502,1.76083571160296,2.20823361980729,1,1,1
"503",25,503,0,0.649924916347591,0,1,0
"5031",25,503,0.649924916347591,2.37105129786775,1,2,0
"504",25,504,0,0.14630704117135,0,2,0
"505",25,505,0,0.407265442993579,0,1,0
"5051",25,505,0.407265442993579,2.59374126722105,1,1,0
"506",25,506,0,0.694458290236071,0,0,0
"507",25,507,0,1.85605586937957,0,1,0
"5071",25,507,1.85605586937957,2.51661092229187,1,1,0
"508",25,508,0,0.681004913058132,0,0,0
"509",25,509,0,0.231929714856693,0,1,0
"5091",25,509,0.231929714856693,2.11688929582867,1,2,0
"510",25,510,0,0.37647293734547,0,2,0
"511",25,511,0,0.732092203492009,0,2,0
"512",25,512,0,1.83324358309619,0,0,0
"513",25,513,0,0.58591405232437,0,0,0
"514",25,514,0,1.97865251451731,0,0,0
"515",26,515,0,2.83477678592317,0,0,1
"516",26,516,0,1.02355867065489,0,0,1
"517",26,517,0,1.68107167398557,0,0,1
"518",26,518,0,0.136469033012767,0,2,1
"519",26,519,0,0.708990511251613,0,0,1
"520",26,520,0,1.11168634635396,0,0,1
"521",26,521,0,0.100808748480983,0,2,1
"522",26,522,0,1.18723277565543,0,1,1
"5221",26,522,1.18723277565543,1.32024415559135,1,1,1
"523",26,523,0,0.108192641727186,0,1,1
"5231",26,523,0.108192641727186,0.285810960631842,1,2,1
"524",26,524,0,0.527391759194335,0,2,0
"525",26,525,0,0.147628114325926,0,0,0
"526",26,526,0,0.605727596936629,0,2,0
"527",26,527,0,0.445716896042814,0,1,0
"5271",26,527,0.445716896042814,1.25959710381171,1,2,0
"528",26,528,0,1.30424981391673,0,2,0
"529",26,529,0,0.126180846162187,0,1,0
"5291",26,529,0.126180846162187,0.955109258880839,1,1,0
"530",26,530,0,0.389182840241119,0,0,0
"531",26,531,0,1.26086826645769,0,0,0
"532",26,532,0,1.47129002326933,0,1,0
"5321",26,532,1.47129002326933,1.69585178280249,1,1,0
"533",27,533,0,0.024369463361503,0,2,1
"534",27,534,0,1.42044113539252,0,1,1
"5341",27,534,1.42044113539252,1.42402109666727,1,1,1
"535",27,535,0,0.446055137452053,0,2,1
"536",27,536,0,0.0603723926357386,0,1,1
"5361",27,536,0.0603723926357386,1.08689778356032,1,2,1
"537",27,537,0,0.949207615978484,0,1,1
"5371",27,537,0.949207615978484,1.00617516528245,1,2,1
"538",27,538,0,0.258498409958459,0,1,1
"5381",27,538,0.258498409958459,0.482277853177708,1,2,1
"539",27,539,0,0.147554266965017,0,0,1
"540",27,540,0,0.233672082144487,0,1,1
"5401",27,540,0.233672082144487,0.298022810737353,1,2,1
"541",27,541,0,0.017108888208708,0,1,1
"5411",27,541,0.017108888208708,0.223739061970264,1,1,1
"542",27,542,0,0.0377700851243501,0,2,1
"543",27,543,0,1.1643583915792,0,1,1
"5431",27,543,1.1643583915792,1.30550330851844,1,2,1
"544",27,544,0,0.223248947416068,0,2,1
"545",27,545,0,0.394248738888251,0,2,0
"546",27,546,0,0.649416917583575,0,2,0
"547",27,547,0,0.745126665802673,0,0,0
"548",27,548,0,0.248345506271227,0,2,0
"549",27,549,0,0.285502990940586,0,0,0
"550",27,550,0,0.163928407570175,0,2,0
"551",27,551,0,0.307084695453635,0,1,0
"5511",27,551,0.307084695453635,0.707046487368643,1,1,0
"552",27,552,0,0.154416419046371,0,2,0
"553",27,553,0,0.0443988049930009,0,1,0
"5531",27,553,0.0443988049930009,0.1281520315767,1,2,0
"554",27,554,0,0.0347096076122866,0,1,0
"5541",27,554,0.0347096076122866,0.0720767228759191,1,2,0
"555",27,555,0,0.000981389735465631,0,2,0
"556",27,556,0,0.652707144745947,0,2,0
"557",28,557,0,0.58415724460937,0,1,1
"5571",28,557,0.58415724460937,0.793475496933351,1,2,1
"558",28,558,0,0.259966199168761,0,1,1
"5581",28,558,0.259966199168761,0.945365269395235,1,2,1
"559",28,559,0,0.548656355412595,0,2,1
"560",28,560,0,0.639972235798893,0,2,1
"561",28,561,0,0.27660890223669,0,1,1
"5611",28,561,0.27660890223669,0.781933926511556,1,1,1
"562",28,562,0,0.112276550538337,0,2,1
"563",28,563,0,0.091273907572031,0,0,1
"564",28,564,0,0.200639530771494,0,1,1
"5641",28,564,0.200639530771494,0.270095135550946,1,1,1
"565",28,565,0,0.382049588312733,0,2,1
"566",28,566,0,0.0316169887719146,0,1,1
"5661",28,566,0.0316169887719146,0.057553471437163,1,2,1
"567",28,567,0,1.03233273723163,0,0,1
"568",28,568,0,0.409167107589588,0,1,0
"5681",28,568,0.409167107589588,1.21248364727944,1,1,0
"569",28,569,0,0.747774189105257,0,0,0
"570",28,570,0,1.64005161678262,0,2,0
"571",28,571,0,0.521186637924984,0,0,0
"572",28,572,0,0.0402752489886757,0,1,0
"5721",28,572,0.0402752489886757,0.385331913262262,1,2,0
"573",28,573,0,0.262576388015672,0,2,0
"574",28,574,0,0.850411633495241,0,0,0
"575",28,575,0,0.756767955137494,0,1,0
"5751",28,575,0.756767955137494,1.56692363179226,1,2,0
"576",28,576,0,1.32823206327979,0,2,0
"577",28,577,0,0.337063371374727,0,1,0
"5771",28,577,0.337063371374727,0.374081147588147,1,2,0
"578",29,578,0,0.491032851802213,0,1,1
"5781",29,578,0.491032851802213,1.81574080232531,1,1,1
"579",29,579,0,1.23642465200794,0,2,1
"580",29,580,0,1.07710962672718,0,0,1
"581",29,581,0,0.654334434528522,0,1,1
"5811",29,581,0.654334434528522,2.43140217801556,1,1,1
"582",29,582,0,0.326428767526522,0,0,1
"583",29,583,0,0.354449100114901,0,2,1
"584",29,584,0,0.250641072168946,0,0,1
"585",29,585,0,1.22049270405881,0,1,0
"5851",29,585,1.22049270405881,1.46886518985983,1,2,0
"586",29,586,0,0.298907845281065,0,0,0
"587",29,587,0,0.188963213654323,0,2,0
"588",29,588,0,0.303508291247383,0,1,0
"5881",29,588,0.303508291247383,1.51311429496855,1,1,0
"589",29,589,0,1.39940927374645,0,1,0
"5891",29,589,1.39940927374645,2.70358200743794,1,1,0
"590",29,590,0,0.507484634132491,0,1,0
"5901",29,590,0.507484634132491,2.69192320620641,1,1,0
"591",29,591,0,2.64740105322562,0,0,0
"592",30,592,0,0.0276875641936237,0,1,1
"5921",30,592,0.0276875641936237,0.593280040245304,1,2,1
"593",30,593,0,0.383235208773467,0,1,1
"5931",30,593,0.383235208773467,0.632731086849273,1,2,1
"594",30,594,0,0.368077046176872,0,1,1
"5941",30,594,0.368077046176872,1.14808363940222,1,2,1
"595",30,595,0,0.197261472822721,0,1,1
"5951",30,595,0.197261472822721,0.350051471946522,1,2,1
"596",30,596,0,0.0258346956688911,0,0,1
"597",30,597,0,0.0119436711601001,0,1,1
"5971",30,597,0.0119436711601001,0.165243377725276,1,2,1
"598",30,598,0,0.124822088178328,0,2,1
"599",30,599,0,0.351032629029935,0,2,1
"600",30,600,0,0.230772427022853,0,1,1
"6001",30,600,0.230772427022853,0.572016185010008,1,2,1
"601",30,601,0,0.219479619848522,0,1,1
"6011",30,601,0.219479619848522,0.351537022687376,1,2,1
"602",30,602,0,0.177210113732144,0,0,0
"603",30,603,0,0.0987713962331723,0,1,0
"6031",30,603,0.0987713962331723,0.427708324798149,1,2,0
"604",30,604,0,0.181061454785843,0,1,0
"6041",30,604,0.181061454785843,0.388236926240651,1,2,0
"605",30,605,0,0.168965126257219,0,1,0
"6051",30,605,0.168965126257219,0.272452119368813,1,2,0
"606",30,606,0,0.10166772125885,0,1,0
"6061",30,606,0.10166772125885,1.77074346318841,1,1,0
"607",30,607,0,0.0389341897994169,0,1,0
"6071",30,607,0.0389341897994169,0.263570309634031,1,2,0
"608",30,608,0,0.0950575418676641,0,1,0
"6081",30,608,0.0950575418676641,0.116496066333564,1,2,0
"609",30,609,0,0.0228278197734693,0,1,0
"6091",30,609,0.0228278197734693,0.196487582503455,1,2,0
"610",30,610,0,0.07703085654115,0,1,0
"6101",30,610,0.07703085654115,0.322099110814109,1,2,0
"611",30,611,0,0.109826506348327,0,0,0
"612",31,612,0,0.785694403108209,0,0,1
"613",31,613,0,0.123224013567654,0,2,1
"614",31,614,0,1.71884484537536,0,2,1
"615",31,615,0,0.685719465023765,0,1,1
"6151",31,615,0.685719465023765,0.884212422184646,1,1,1
"616",31,616,0,0.659357763540431,0,1,1
"6161",31,616,0.659357763540431,0.811906468821689,1,1,1
"617",31,617,0,0.241231830750486,0,2,1
"618",31,618,0,0.761213563829065,0,2,1
"619",31,619,0,0.91981817339547,0,0,1
"620",31,620,0,0.968412421628999,0,1,1
"6201",31,620,0.968412421628999,1.84594633191193,1,2,1
"621",31,621,0,0.616044760864827,0,1,1
"6211",31,621,0.616044760864827,1.07831744294863,1,2,1
"622",31,622,0,0.0726541445913459,0,2,1
"623",31,623,0,0.275859050761279,0,1,1
"6231",31,623,0.275859050761279,0.5141339442796,1,2,1
"624",31,624,0,1.3466581032011,0,1,1
"6241",31,624,1.3466581032011,2.72510950816588,1,2,1
"625",31,625,0,0.145687535625357,0,2,0
"626",31,626,0,0.476261991590074,0,2,0
"627",31,627,0,0.706583973951638,0,0,0
"628",31,628,0,1.16541159152985,0,0,0
"629",31,629,0,0.369327204767615,0,0,0
"630",31,630,0,0.123746312689036,0,0,0
"631",31,631,0,0.699547480832573,0,1,0
"6311",31,631,0.699547480832573,1.48932496388443,1,1,0
"632",31,632,0,0.363491043166737,0,1,0
"6321",31,632,0.363491043166737,0.72518074361298,1,2,0
"633",31,633,0,0.0864815456818058,0,1,0
"6331",31,633,0.0864815456818058,1.03653614744054,1,2,0
"634",31,634,0,1.24769793537675,0,1,0
"6341",31,634,1.24769793537675,1.71560623979917,1,2,0
"635",31,635,0,0.562239343037739,0,1,0
"6351",31,635,0.562239343037739,0.81514999922365,1,1,0
"636",31,636,0,1.67881389451213,0,0,0
"637",31,637,0,0.856387825087663,0,1,0
"6371",31,637,0.856387825087663,2.43217373691975,1,2,0
"638",32,638,0,1.02725240174282,0,1,1
"6381",32,638,1.02725240174282,2.95769107947126,1,1,1
"639",32,639,0,0.178525487345682,0,1,1
"6391",32,639,0.178525487345682,0.443357369438694,1,2,1
"640",32,640,0,0.460700914208191,0,1,1
"6401",32,640,0.460700914208191,2.65557571942918,1,1,1
"641",32,641,0,1.05802641041805,0,1,1
"6411",32,641,1.05802641041805,2.24051440972835,1,1,1
"642",32,642,0,0.931631027082141,0,1,1
"6421",32,642,0.931631027082141,1.89478091129659,1,2,1
"643",32,643,0,1.14563744371366,0,1,0
"6431",32,643,1.14563744371366,2.78591061523184,1,1,0
"644",32,644,0,0.0287613063119352,0,0,0
"645",32,645,0,0.123650437686592,0,0,0
"646",32,646,0,0.785297566043443,0,1,0
"6461",32,646,0.785297566043443,1.16670861491002,1,1,0
"647",32,647,0,0.00760384326137934,0,1,0
"6471",32,647,0.00760384326137934,0.471474103163928,1,1,0
"648",33,648,0,0.317040538241899,0,2,1
"649",33,649,0,0.674734860342425,0,1,1
"6491",33,649,0.674734860342425,0.696277888951894,1,2,1
"650",33,650,0,0.0437383981397618,0,1,1
"6501",33,650,0.0437383981397618,0.523661503796323,1,2,1
"651",33,651,0,0.268119251404731,0,1,1
"6511",33,651,0.268119251404731,0.779695956866755,1,2,1
"652",33,652,0,0.118063242596825,0,2,1
"653",33,653,0,0.313890301611934,0,1,1
"6531",33,653,0.313890301611934,0.409336167553959,1,2,1
"654",33,654,0,0.479813131965963,0,1,0
"6541",33,654,0.479813131965963,0.640374568523839,1,1,0
"655",33,655,0,0.498590208142156,0,1,0
"6551",33,655,0.498590208142156,0.937388881901563,1,2,0
"656",33,656,0,0.210006877046207,0,2,0
"657",33,657,0,0.0321781806291456,0,2,0
"658",33,658,0,0.406364539501447,0,2,0
"659",33,659,0,1.5486230576568,0,2,0
"660",33,660,0,0.15583196450237,0,1,0
"6601",33,660,0.15583196450237,0.553288278459588,1,2,0
"661",34,661,0,1.27472581062466,0,0,1
"662",34,662,0,0.432737034085018,0,1,1
"6621",34,662,0.432737034085018,2.27853095554747,1,1,1
"663",34,663,0,1.38650645095723,0,1,1
"6631",34,663,1.38650645095723,1.65151385846548,1,1,1
"664",34,664,0,0.136644051410258,0,0,1
"665",34,665,0,0.405254567507654,0,0,1
"666",34,666,0,2.18773080222309,0,0,1
"667",34,667,0,1.93482202850282,0,0,1
"668",34,668,0,1.05955174681731,0,0,1
"669",34,669,0,1.26730682686756,0,2,1
"670",34,670,0,1.24067077715881,0,0,1
"671",34,671,0,2.51846652687527,0,0,1
"672",34,672,0,0.0389298247066743,0,1,1
"6721",34,672,0.0389298247066743,1.71879903332468,1,2,1
"673",34,673,0,0.058997187995907,0,1,0
"6731",34,673,0.058997187995907,1.08169122642033,1,2,0
"674",34,674,0,0.078890381363479,0,1,0
"6741",34,674,0.078890381363479,1.67773000686429,1,1,0
"675",34,675,0,0.371369764907286,0,0,0
"676",34,676,0,0.19007817003876,0,0,0
"677",34,677,0,1.2904241267053,0,1,0
"6771",34,677,1.2904241267053,1.52843896485865,1,1,0
"678",34,678,0,0.429511561989784,0,0,0
"679",34,679,0,0.644199687549692,0,1,0
"6791",34,679,0.644199687549692,2.89730099472217,1,1,0
"680",34,680,0,2.11186402640305,0,0,0
"681",34,681,0,0.0271495499318553,0,2,0
"682",34,682,0,0.390712423974857,0,2,0
"683",34,683,0,1.31214234279469,0,0,0
"684",34,684,0,1.91708302195184,0,0,0
"685",35,685,0,0.422527828508518,0,1,1
"6851",35,685,0.422527828508518,1.52804112428423,1,2,1
"686",35,686,0,0.761979842362494,0,1,1
"6861",35,686,0.761979842362494,0.860003720736131,1,1,1
"687",35,687,0,0.368697299156338,0,0,1
"688",35,688,0,2.51613473449834,0,0,1
"689",35,689,0,1.77322576415681,0,1,1
"6891",35,689,1.77322576415681,2.10323949088342,1,1,1
"690",35,690,0,0.883949431789393,0,1,1
"6901",35,690,0.883949431789393,1.30276220105588,1,1,1
"691",35,691,0,0.200460797139954,0,2,1
"692",35,692,0,1.39463635277934,0,0,1
"693",35,693,0,0.543746169889346,0,0,0
"694",35,694,0,0.0466208243742585,0,0,0
"695",35,695,0,0.739418507648993,0,2,0
"696",35,696,0,0.219811903545633,0,0,0
"697",35,697,0,1.90495633659884,0,0,0
"698",35,698,0,0.647991203935817,0,0,0
"699",35,699,0,0.455800473690033,0,0,0
"700",35,700,0,1.95048010440225,0,1,0
"7001",35,700,1.95048010440225,2.39694134937599,1,1,0
"701",35,701,0,0.85769879934378,0,0,0
"702",36,702,0,0.501890910789371,0,0,1
"703",36,703,0,0.0161064891144633,0,0,1
"704",36,704,0,0.496629465647697,0,2,1
"705",36,705,0,0.110522804787784,0,2,1
"706",36,706,0,0.375170967774466,0,0,1
"707",36,707,0,0.675306434277445,0,0,1
"708",36,708,0,1.37106408831808,0,1,1
"7081",36,708,1.37106408831808,1.54168750909128,1,2,1
"709",36,709,0,0.00583649729378521,0,0,1
"710",36,710,0,0.0150677984962182,0,2,0
"711",36,711,0,0.515147259960602,0,1,0
"7111",36,711,0.515147259960602,0.520014746720307,1,2,0
"712",36,712,0,0.0624978955244233,0,1,0
"7121",36,712,0.0624978955244233,0.297890708228108,1,2,0
"713",36,713,0,1.08334676851518,0,0,0
"714",36,714,0,1.48972477689654,0,1,0
"7141",36,714,1.48972477689654,2.58205329277553,1,1,0
"715",36,715,0,1.33711193877057,0,1,0
"7151",36,715,1.33711193877057,1.64234012809208,1,2,0
"716",36,716,0,0.803289550933028,0,1,0
"7161",36,716,0.803289550933028,1.12468816775215,1,2,0
"717",36,717,0,1.0289848332759,0,0,0
"718",36,718,0,1.40167277539149,0,0,0
"719",37,719,0,0.312241737152397,0,2,1
"720",37,720,0,0.490175621557933,0,2,1
"721",37,721,0,0.564878144710496,0,1,1
"7211",37,721,0.564878144710496,0.842210905862243,1,2,1
"722",37,722,0,0.0231756318826228,0,0,1
"723",37,723,0,0.452418680259325,0,2,1
"724",37,724,0,0.387229946141982,0,1,1
"7241",37,724,0.387229946141982,0.769644980784506,1,1,1
"725",37,725,0,0.487882259293212,0,1,1
"7251",37,725,0.487882259293212,0.712345213004852,1,2,1
"726",37,726,0,0.12761254140416,0,1,1
"7261",37,726,0.12761254140416,0.561879674205557,1,1,1
"727",37,727,0,1.37016557878675,0,2,1
"728",37,728,0,0.197601013975068,0,1,1
"7281",37,728,0.197601013975068,0.321839428077882,1,2,1
"729",37,729,0,0.0334304651235461,0,2,1
"730",37,730,0,0.0993725957676104,0,1,1
"7301",37,730,0.0993725957676104,0.269029883588718,1,2,1
"731",37,731,0,2.12749793403782,0,0,1
"732",37,732,0,0.207808214502218,0,1,1
"7321",37,732,0.207808214502218,0.489940545056015,1,1,1
"733",37,733,0,0.209917392269598,0,2,0
"734",37,734,0,0.0930436951481468,0,1,0
"7341",37,734,0.0930436951481468,0.365327556436762,1,2,0
"735",37,735,0,0.0975497112654311,0,2,0
"736",37,736,0,0.212173907584098,0,1,0
"7361",37,736,0.212173907584098,0.339578833663836,1,1,0
"737",37,737,0,0.0383320160034204,0,2,0
"738",37,738,0,0.290586270980182,0,2,0
"739",37,739,0,0.0603870943637312,0,1,0
"7391",37,739,0.0603870943637312,0.162381207721999,1,2,0
"740",37,740,0,0.168040536477467,0,1,0
"7401",37,740,0.168040536477467,1.16252281518203,1,2,0
"741",37,741,0,0.147444164437728,0,2,0
"742",37,742,0,0.239523679449591,0,1,0
"7421",37,742,0.239523679449591,1.5737925389003,1,2,0
"743",37,743,0,0.0904060371287763,0,2,0
"744",37,744,0,0.0414156540668423,0,2,0
"745",37,745,0,0.662332027352571,0,1,0
"7451",37,745,0.662332027352571,0.904853076284964,1,2,0
"746",37,746,0,0.0230648183682413,0,1,0
"7461",37,746,0.0230648183682413,0.0488254107113792,1,2,0
"747",38,747,0,0.537726259790361,0,0,1
"748",38,748,0,1.11074809497222,0,0,1
"749",38,749,0,0.130091281374916,0,0,1
"750",38,750,0,1.04723346373066,0,0,1
"751",38,751,0,0.0918553829379659,0,1,1
"7511",38,751,0.0918553829379659,0.28617848850241,1,2,1
"752",38,752,0,2.56509531422113,0,1,1
"7521",38,752,2.56509531422113,2.88928801054135,1,1,1
"753",38,753,0,0.799034148486946,0,1,1
"7531",38,753,0.799034148486946,0.988888821797445,1,1,1
"754",38,754,0,0.950803257292137,0,0,1
"755",38,755,0,0.0314606304448329,0,2,1
"756",38,756,0,2.08161696558818,0,0,1
"757",38,757,0,1.11151952552609,0,0,1
"758",38,758,0,0.282918473007157,0,0,1
"759",38,759,0,0.725995930144563,0,0,1
"760",38,760,0,1.58356363791972,0,0,1
"761",38,761,0,0.296389718307182,0,0,0
"762",38,762,0,0.421676311874762,0,0,0
"763",38,763,0,0.227111685880869,0,2,0
"764",38,764,0,2.70074402773753,0,0,0
"765",38,765,0,0.851240221675112,0,1,0
"7651",38,765,0.851240221675112,2.54467933927663,1,1,0
"766",38,766,0,0.0711756802629679,0,0,0
"767",38,767,0,0.563899552463728,0,1,0
"7671",38,767,0.563899552463728,1.36169656807559,1,2,0
"768",38,768,0,0.0427081952802837,0,0,0
"769",38,769,0,0.957881095586345,0,0,0
"770",38,770,0,0.332359795305129,0,2,0
"771",38,771,0,0.900700776990686,0,1,0
"7711",38,771,0.900700776990686,1.08540859585628,1,1,0
"772",38,772,0,0.644705876646267,0,1,0
"7721",38,772,0.644705876646267,0.742563147330657,1,1,0
"773",38,773,0,0.0700608381533921,0,2,0
"774",38,774,0,0.580244512319319,0,2,0
"775",39,775,0,0.513204055605456,0,0,1
"776",39,776,0,0.818721203407598,0,2,1
"777",39,777,0,0.14757855143398,0,0,1
"778",39,778,0,0.324467109906128,0,2,1
"779",39,779,0,0.483427863568068,0,0,1
"780",39,780,0,0.0949388570479871,0,1,1
"7801",39,780,0.0949388570479871,0.645282538243845,1,2,1
"781",39,781,0,2.03224609885365,0,0,1
"782",39,782,0,0.812089295498053,0,2,1
"783",39,783,0,0.155295252101496,0,0,1
"784",39,784,0,0.591335090110078,0,0,1
"785",39,785,0,2.46801544446498,0,0,1
"786",39,786,0,0.031270382925868,0,0,0
"787",39,787,0,1.26214213548344,0,2,0
"788",39,788,0,2.74112833058462,0,0,0
"789",39,789,0,0.679765631172855,0,1,0
"7891",39,789,0.679765631172855,2.10184791265056,1,1,0
"790",39,790,0,1.01558226789348,0,0,0
"791",39,791,0,0.41889741095956,0,2,0
"792",39,792,0,1.82378045283258,0,0,0
"793",39,793,0,0.278072477519495,0,2,0
"794",39,794,0,1.0846938744653,0,0,0
"795",39,795,0,0.329628910403699,0,0,0
"796",39,796,0,1.05504012946039,0,0,0
"797",40,797,0,2.02035493520088,0,0,1
"798",40,798,0,1.86600519670174,0,0,1
"799",40,799,0,1.61104422295466,0,0,1
"800",40,800,0,1.16811717526863,0,1,1
"8001",40,800,1.16811717526863,1.57890225447275,1,2,1
"801",40,801,0,0.305968865985051,0,0,1
"802",40,802,0,0.37196414032951,0,0,1
"803",40,803,0,1.59232876310125,0,0,0
"804",40,804,0,2.85778240906075,0,0,0
"805",40,805,0,0.334177890093997,0,0,0
"806",40,806,0,0.909903232014329,0,1,0
"8061",40,806,0.909903232014329,1.63100859057158,1,1,0
"807",40,807,0,1.44353944915204,0,2,0
"808",40,808,0,0.251029473496601,0,0,0
"809",41,809,0,0.0908641910646111,0,0,1
"810",41,810,0,2.56076255463995,0,0,1
"811",41,811,0,1.22199583472684,0,0,1
"812",41,812,0,0.805214424384758,0,0,1
"813",41,813,0,1.37016918277368,0,0,1
"814",41,814,0,0.992035954277172,0,1,1
"8141",41,814,0.992035954277172,1.49106533685699,1,1,1
"815",41,815,0,1.45742875803262,0,0,1
"816",41,816,0,2.37392924842425,0,0,1
"817",41,817,0,0.613857052176996,0,2,1
"818",41,818,0,0.176172347506508,0,0,1
"819",41,819,0,2.55472069443204,0,0,1
"820",41,820,0,2.65276763937436,0,0,1
"821",41,821,0,0.592775587225333,0,0,1
"822",41,822,0,0.451615302061485,0,1,0
"8221",41,822,0.451615302061485,0.850083012599498,1,1,0
"823",41,823,0,2.70709944306873,0,0,0
"824",41,824,0,0.183573080161127,0,2,0
"825",41,825,0,0.268304975470528,0,0,0
"826",41,826,0,2.80968866706826,0,0,0
"827",41,827,0,1.94701407523826,0,0,0
"828",41,828,0,1.36746317334473,0,0,0
"829",41,829,0,1.12039985856973,0,0,0
"830",41,830,0,0.247512638409361,0,1,0
"8301",41,830,0.247512638409361,1.74146041204222,1,1,0
"831",41,831,0,1.39948830194771,0,0,0
"832",41,832,0,0.748833513585851,0,0,0
"833",41,833,0,0.424324546940625,0,0,0
"834",41,834,0,2.57584674772806,0,0,0
"835",42,835,0,1.97227030224167,0,0,1
"836",42,836,0,1.90109973215816,0,1,1
"8361",42,836,1.90109973215816,2.03753546503949,1,2,1
"837",42,837,0,0.48536848439835,0,0,1
"838",42,838,0,1.17323297669537,0,1,1
"8381",42,838,1.17323297669537,2.33812742843293,1,1,1
"839",42,839,0,0.347015285297883,0,1,1
"8391",42,839,0.347015285297883,0.986591126710825,1,2,1
"840",42,840,0,1.00059761898592,0,0,1
"841",42,841,0,0.0691468467940856,0,1,1
"8411",42,841,0.0691468467940856,1.604135830421,1,1,1
"842",42,842,0,1.14695796256067,0,1,1
"8421",42,842,1.14695796256067,1.57233140962366,1,2,1
"843",42,843,0,0.184924690643005,0,1,1
"8431",42,843,0.184924690643005,0.540669014677405,1,1,1
"844",42,844,0,2.01536086796372,0,1,1
"8441",42,844,2.01536086796372,2.66666215471923,1,1,1
"845",42,845,0,0.12734534855033,0,1,0
"8451",42,845,0.12734534855033,0.989155216447559,1,2,0
"846",42,846,0,0.491310782487928,0,2,0
"847",42,847,0,0.786025390241538,0,1,0
"8471",42,847,0.786025390241538,1.35971593694317,1,2,0
"848",42,848,0,0.216085800835986,0,1,0
"8481",42,848,0.216085800835986,0.341078526903382,1,2,0
"849",42,849,0,0.0561955615286502,0,1,0
"8491",42,849,0.0561955615286502,0.470064280874036,1,2,0
"850",42,850,0,0.120451079513389,0,1,0
"8501",42,850,0.120451079513389,1.72742678419867,1,2,0
"851",42,851,0,0.258628762813476,0,2,0
"852",42,852,0,0.0177652607585908,0,1,0
"8521",42,852,0.0177652607585908,0.730595398587243,1,2,0
"853",42,853,0,1.1226931095589,0,0,0
"854",43,854,0,1.44471711921506,0,0,1
"855",43,855,0,0.109635255824998,0,2,1
"856",43,856,0,0.315267860736806,0,2,1
"857",43,857,0,0.0786083501773031,0,2,1
"858",43,858,0,1.57664433206134,0,2,1
"859",43,859,0,0.54805295662114,0,1,1
"8591",43,859,0.54805295662114,1.21516714640893,1,1,1
"860",43,860,0,0.178968584950651,0,1,1
"8601",43,860,0.178968584950651,0.30317675119282,1,2,1
"861",43,861,0,1.64602551593539,0,1,1
"8611",43,861,1.64602551593539,2.03318373244196,1,2,1
"862",43,862,0,0.535746374270996,0,2,1
"863",43,863,0,0.690768042113632,0,0,1
"864",43,864,0,1.06763291933906,0,1,1
"8641",43,864,1.06763291933906,2.34740387589313,1,2,1
"865",43,865,0,1.52471393882297,0,0,1
"866",43,866,0,0.660763049610547,0,1,1
"8661",43,866,0.660763049610547,0.983094192110002,1,1,1
"867",43,867,0,0.629144129343331,0,0,1
"868",43,868,0,1.30676021799445,0,0,0
"869",43,869,0,1.21976998809435,0,1,0
"8691",43,869,1.21976998809435,1.51629674923606,1,1,0
"870",43,870,0,2.04320295650839,0,1,0
"8701",43,870,2.04320295650839,2.22064854274504,1,1,0
"871",43,871,0,2.27985423244536,0,0,0
"872",43,872,0,0.052065348951146,0,0,0
"873",43,873,0,0.205767498817295,0,0,0
"874",43,874,0,0.984232328133658,0,0,0
"875",43,875,0,0.335371507073617,0,1,0
"8751",43,875,0.335371507073617,0.627724111702126,1,2,0
"876",43,876,0,0.388321213108707,0,2,0
"877",43,877,0,0.820282234344631,0,0,0
"878",43,878,0,0.322878152132034,0,0,0
"879",43,879,0,0.983551686163992,0,0,0
"880",43,880,0,0.949459270251636,0,1,0
"8801",43,880,0.949459270251636,1.44141826266423,1,1,0
"881",43,881,0,1.64220278570428,0,0,0
"882",43,882,0,0.0893009701367844,0,2,0
"883",44,883,0,0.0464588689355909,0,2,1
"884",44,884,0,1.68620857852511,0,0,1
"885",44,885,0,0.0897944893950134,0,1,1
"8851",44,885,0.0897944893950134,0.707694031996652,1,1,1
"886",44,886,0,0.246606648433954,0,0,1
"887",44,887,0,0.272109818877652,0,0,1
"888",44,888,0,0.819804759397327,0,2,1
"889",44,889,0,0.601850883073401,0,2,1
"890",44,890,0,1.57893270347267,0,0,1
"891",44,891,0,0.190488242777064,0,0,1
"892",44,892,0,0.110523355426267,0,0,1
"893",44,893,0,0.553645754931495,0,0,1
"894",44,894,0,0.0021456575486809,0,0,1
"895",44,895,0,0.488396504411949,0,2,1
"896",44,896,0,1.73158351890743,0,0,0
"897",44,897,0,0.00888474402017891,0,0,0
"898",44,898,0,1.51145299617201,0,0,0
"899",44,899,0,1.06045508269964,0,2,0
"900",44,900,0,1.21639633015729,0,0,0
"901",44,901,0,0.204417853150517,0,0,0
"902",44,902,0,2.06069946312346,0,0,0
"903",44,903,0,0.916081262171322,0,1,0
"9031",44,903,0.916081262171322,1.31059424132187,1,2,0
"904",44,904,0,1.96769363363273,0,0,0
"905",44,905,0,1.05248648766428,0,0,0
"906",44,906,0,1.37815873464569,0,0,0
"907",44,907,0,1.33728607274355,0,2,0
"908",44,908,0,0.0919898588636866,0,2,0
"909",45,909,0,0.0331512484295079,0,2,1
"910",45,910,0,1.72260196810475,0,2,1
"911",45,911,0,0.0121790930881493,0,1,1
"9111",45,911,0.0121790930881493,0.167160002533831,1,2,1
"912",45,912,0,0.196402491412963,0,1,1
"9121",45,912,0.196402491412963,2.19705418518365,1,2,1
"913",45,913,0,0.477644902740631,0,1,1
"9131",45,913,0.477644902740631,0.48059988382028,1,2,1
"914",45,914,0,0.375052512413047,0,2,1
"915",45,915,0,0.264630521636264,0,1,1
"9151",45,915,0.264630521636264,0.877843438760339,1,2,1
"916",45,916,0,0.0109902307577541,0,1,1
"9161",45,916,0.0109902307577541,0.914257953409106,1,1,1
"917",45,917,0,0.0860320074918521,0,2,0
"918",45,918,0,0.348922949284315,0,0,0
"919",45,919,0,1.04984444458653,0,1,0
"9191",45,919,1.04984444458653,1.21635979833081,1,1,0
"920",45,920,0,0.00513537272638534,0,1,0
"9201",45,920,0.00513537272638534,0.6511549805291,1,1,0
"921",45,921,0,1.05234554012937,0,1,0
"9211",45,921,1.05234554012937,1.34577744570561,1,1,0
"922",45,922,0,0.104683986376977,0,2,0
"923",45,923,0,0.159709666812023,0,1,0
"9231",45,923,0.159709666812023,0.480835339002796,1,2,0
"924",46,924,0,0.551004528978475,0,2,1
"925",46,925,0,0.762540273593248,0,2,1
"926",46,926,0,0.0434653763596034,0,2,1
"927",46,927,0,0.560416454370782,0,2,1
"928",46,928,0,1.67584630905362,0,2,1
"929",46,929,0,0.0427010725810404,0,1,1
"9291",46,929,0.0427010725810404,0.317448302870616,1,1,1
"930",46,930,0,0.787205791566521,0,0,1
"931",46,931,0,0.733472487190738,0,0,1
"932",46,932,0,0.524472640128806,0,0,0
"933",46,933,0,1.48380736028776,0,0,0
"934",46,934,0,0.112810894133371,0,2,0
"935",46,935,0,0.0693457309364059,0,1,0
"9351",46,935,0.0693457309364059,1.04989418498914,1,2,0
"936",46,936,0,0.359392471611593,0,2,0
"937",46,937,0,0.497377543365904,0,1,0
"9371",46,937,0.497377543365904,1.52751093182112,1,2,0
"938",46,938,0,0.00274169006021083,0,2,0
"939",46,939,0,1.5525574403613,0,1,0
"9391",46,939,1.5525574403613,1.61661713034846,1,1,0
"940",47,940,0,0.307213508997346,0,2,1
"941",47,941,0,0.120851056577352,0,2,1
"942",47,942,0,0.232310879499846,0,1,1
"9421",47,942,0.232310879499846,0.528316600995859,1,2,1
"943",47,943,0,0.153065140201346,0,1,1
"9431",47,943,0.153065140201346,0.627407319378108,1,1,1
"944",47,944,0,0.682175335339711,0,1,1
"9441",47,944,0.682175335339711,1.01603143024859,1,2,1
"945",47,945,0,0.68271604901662,0,2,1
"946",47,946,0,0.424653050568966,0,2,0
"947",47,947,0,0.220687861692367,0,2,0
"948",47,948,0,0.203888604452276,0,1,0
"9481",47,948,0.203888604452276,0.343383348425294,1,2,0
"949",47,949,0,0.514463796351123,0,1,0
"9491",47,949,0.514463796351123,1.08786828237695,1,2,0
"950",47,950,0,0.399066663812846,0,0,0
"951",48,951,0,0.657611953097257,0,1,1
"9511",48,951,0.657611953097257,1.34060556278564,1,1,1
"952",48,952,0,0.234448891267753,0,1,1
"9521",48,952,0.234448891267753,0.605173410563233,1,2,1
"953",48,953,0,0.00694678304716945,0,0,1
"954",48,954,0,0.796023985370994,0,0,1
"955",48,955,0,0.620160839883816,0,1,1
"9551",48,955,0.620160839883816,0.655416903782852,1,2,1
"956",48,956,0,0.0882978086134868,0,2,0
"957",48,957,0,2.99270040239207,0,0,0
"958",48,958,0,1.32722747538331,0,1,0
"9581",48,958,1.32722747538331,2.83233625721186,1,1,0
"959",48,959,0,0.4691521525383,0,0,0
"960",48,960,0,1.57536545419134,0,0,0
"961",49,961,0,0.297344480115362,0,2,1
"962",49,962,0,0.699306445541109,0,1,1
"9621",49,962,0.699306445541109,0.71666844910942,1,1,1
"963",49,963,0,0.166900200045148,0,1,1
"9631",49,963,0.166900200045148,1.08099984387045,1,2,1
"964",49,964,0,0.0621021021078152,0,2,1
"965",49,965,0,0.579511837874596,0,1,1
"9651",49,965,0.579511837874596,0.777284505107644,1,2,1
"966",49,966,0,0.257117298664525,0,0,0
"967",49,967,0,0.56432357782717,0,1,0
"9671",49,967,0.56432357782717,1.13653499389424,1,2,0
"968",49,968,0,0.0975588074584803,0,1,0
"9681",49,968,0.0975588074584803,1.13380864751525,1,1,0
"969",49,969,0,0.0560023769726945,0,1,0
"9691",49,969,0.0560023769726945,0.698893459176116,1,2,0
"970",49,970,0,0.698551138572834,0,1,0
"9701",49,970,0.698551138572834,0.718400667705639,1,2,0
"971",49,971,0,0.0440396151667186,0,2,0
"972",50,972,0,0.0334122334009194,0,2,1
"973",50,973,0,0.171426610400582,0,2,1
"974",50,974,0,0.967058193670548,0,1,1
"9741",50,974,0.967058193670548,2.10833862538807,1,2,1
"975",50,975,0,1.15921499862499,0,1,1
"9751",50,975,1.15921499862499,2.19888555211946,1,1,1
"976",50,976,0,0.63741680299164,0,2,1
"977",50,977,0,0.0994732628419737,0,1,1
"9771",50,977,0.0994732628419737,0.216643023666525,1,2,1
"978",50,978,0,1.59108156943694,0,0,1
"979",50,979,0,0.10199133111176,0,2,1
"980",50,980,0,0.686323380903628,0,2,1
"981",50,981,0,0.808001035591587,0,0,1
"982",50,982,0,0.969671786064282,0,0,1
"983",50,983,0,0.120474963190026,0,2,0
"984",50,984,0,0.246448651987634,0,2,0
"985",50,985,0,0.213095782948632,0,1,0
"9851",50,985,0.213095782948632,1.22700273167707,1,2,0
"986",50,986,0,0.512595910811797,0,0,0
"987",50,987,0,0.715332569321617,0,0,0
"988",50,988,0,2.16912815137156,0,1,0
"9881",50,988,2.16912815137156,2.26500080572441,1,1,0
"989",50,989,0,1.63606965006329,0,0,0
"990",50,990,0,0.16976153687574,0,0,0
"991",50,991,0,0.426760401854997,0,1,0
"9911",50,991,0.426760401854997,1.45536964358289,1,2,0
"992",50,992,0,0.439290920987601,0,2,0
"993",50,993,0,0.582623820751905,0,0,0
"994",50,994,0,2.19717285694375,0,2,0
